;J;K;R;q1;abs_cdf_emp_bias;abs_quantile_emp_bias;cdf_emp_var;quantile_emp_var;cdf_emp_rmse;cdf_emp_rmse_upper;cdf_emp_rmse_lower;quantile_emp_rmse;quantile_emp_rmse_upper;quantile_emp_rmse_lower;avg_time
0.005;289.2857142857147;9;1;1.0;0.0034689655172413917;52.22034710387958;2.454297265160533e-05;1524.7672106148937;0.0060478669306967365;0.006612185559323632;0.0054251627581025025;65.20530547635337;70.74635922144768;59.14741229706507;0.0024556648000143466
0.0025;1223.2804232804249;17;1;1.0;0.0018333333333333047;15.107141569533535;5.189980349438213e-06;222.54003467195145;0.002924224933302707;0.0031716828206947703;0.002653791816629199;21.23124492520115;22.730375485281563;19.617888582767264;0.0025744243999943138
0.00125;4751.5151515151565;35;1;1.0;0.0006599326599326569;6.29584338249653;1.161179698216703e-06;58.98543577888061;0.001263602316341061;0.0013627583183173527;0.001155972055709761;9.930915349342474;10.759316239738247;9.026808594676012;0.004675300800008699
0.000625;19278.962353685565;69;1;1.0;0.00034135587945432675;2.8860393349134283;3.1104033968848476e-07;16.737827620721774;0.0006538839163999384;0.0007135572556880351;0.0005881873809493055;5.0067005765663;5.417418007978123;4.559131874996927;0.031105081600137054
0.0003125;76560.26623326377;139;1;1.0;0.00015573203066835274;1.2177053508612472;6.433309510699752e-08;3.361454992579121;0.0002976332650815199;0.00032335887072084497;0.0002694627278350615;2.2009682673985176;2.3930834378230643;1.9903955103967177;0.2526842815999407
0.00015625;307342.1971875065;277;1;1.0;9.082035380665676e-05;0.715818542173166;1.50222933253759e-08;0.8836290918804403;0.00015254714022538152;0.00016529062958285965;0.00013863718027277638;1.1815351358293822;1.2836508596638818;1.0697153943376205;1.9006326216000597
7.8125e-05;1229368.788750026;554;1;1.0;4.5707187996444354e-05;0.35062409630201;4.111229270815554e-09;0.2312307623887142;7.874246824527322e-05;8.497483511255574e-05;7.197242533296822e-05;0.5951201721470339;0.6422314600413069;0.5439437381989445;15.130748972800095
