;J;K;R;q1;abs_theo_bias;theo_var;theo_rmse;cost
0.005;289.2857142857147;9;1;1.0;0.002777777777777778;1.724137931034485e-05;0.004995741055445218;2610.0
0.0025;1223.2804232804249;17;1;1.0;0.0014705882352941176;4.0849673202614425e-06;0.002499519369408229;20808.0
0.00125;4751.5151515151565;35;1;1.0;0.0007142857142857143;1.0521885521885534e-06;0.0012499570527906975;166320.0
0.000625;19278.962353685565;69;1;1.0;0.00036231884057971015;2.5934955132527655e-07;0.0006249995948513102;1330251.0
0.0003125;76560.26623326377;139;1;1.0;0.00017985611510791367;6.530740194093607e-08;0.00031249899853063077;10641979.0
0.00015625;307342.1971875065;277;1;1.0;9.025270758122745e-05;1.6268468779181586e-08;0.00015624986401569806;85134011.0
7.8125e-05;1229368.788750026;554;1;1.0;4.512635379061372e-05;4.067127119684981e-09;7.812499552717183e-05;681070426.0
