;J;K;R;q1;q2;q3;q4;abs_theo_bias;theo_var;theo_rmse;cost
0.005;2230.757292093944;10;3;0.4842531442470308;0.1526594492683445;0.3630874064846245;0.0;1.25e-05;2.1420794034582085e-05;0.004628277248024591;50030.0
0.0025;6874.047039277689;20;3;0.4842531442470308;0.1526594492683445;0.3630874064846245;0.0;1.5625e-06;5.35649967079341e-06;0.002314411828564584;308260.0
0.00125;49385.92196168548;10;4;0.4734809211786115;0.2345569852621629;0.0507157883177004;0.2412463052415251;3.125e-07;1.3888054176037714e-06;0.0011784759290117137;1518920.0
0.000625;197543.68784674196;10;4;0.4734809211786115;0.2345569852621629;0.0507157883177004;0.2412463052415251;3.125e-07;3.4721849878105894e-07;0.0005892525744002388;6075380.0
0.0003125;790174.7513869677;10;4;0.4734809211786115;0.2345569852621629;0.0507157883177004;0.2412463052415251;3.125e-07;8.680530337195051e-08;0.00029462756325266055;24301330.0
0.00015625;3160699.005547871;10;4;0.4734809211786115;0.2345569852621629;0.0507157883177004;0.2412463052415251;3.125e-07;2.1701377190862805e-08;0.00014731420449879505;97205090.0
7.8125e-05;12642796.022191484;10;4;0.4734809211786115;0.2345569852621629;0.0507157883177004;0.2412463052415251;3.125e-07;5.425346390712514e-09;7.36576136387985e-05;388820210.0
