;J;K;R;q1;q2;q3;q4;Cost;Epsilon
0;13718311.352891551;10;4;0.4734809211786115;0.2345569852621629;0.0507157883177004;0.2412463052415251;421896870.0;7.500000082863385e-05
25;8967917.578629198;10;4;0.4734809211786115;0.2345569852621629;0.0507157883177004;0.2412463052415251;499999915.0;9.276107902596527e-05
50;6191619.959890587;10;4;0.4734809211786115;0.2345569852621629;0.0507157883177004;0.2412463052415251;499999950.0;0.00011163733233287505
75;4727938.571569483;10;4;0.4734809211786115;0.2345569852621629;0.0507157883177004;0.2412463052415251;500000025.0;0.00012775434606165847
100;3823963.929344141;10;4;0.4734809211786115;0.2345569852621629;0.0507157883177004;0.2412463052415251;499999980.0;0.00014205440401706738
