;J;K;R;q1;q2;q3;q4;Cost;Epsilon;abs_cdf_emp_bias;abs_quantile_emp_bias;cdf_emp_var;quantile_emp_var;cdf_emp_rmse;cdf_emp_rmse_upper;cdf_emp_rmse_lower;quantile_emp_rmse;quantile_emp_rmse_upper;quantile_emp_rmse_lower;avg_time
0;13718311.352891551;10;4;0.4734809211786115;0.2345569852621629;0.0507157883177004;0.2412463052415251;421896870.0;7.500000082863385e-05;2.9340332141027936e-06;0.02004083737553367;4.223106260510709e-09;0.24046924086473717;6.505163188892473e-05;6.797860718499612e-05;6.19866000681787e-05;0.4907859778227672;0.5124261958096065;0.46814650047073336;9.561278562099906
25;8967917.578629198;10;4;0.4734809211786115;0.2345569852621629;0.0507157883177004;0.2412463052415251;499999915.0;9.276107902596528e-05;1.4745936186083553e-06;0.007205141307174927;6.786209814642476e-09;0.3761190096435926;8.239165152479053e-05;8.585394201621377e-05;7.877733888778954e-05;0.6133277457484285;0.6379766313226758;0.5876458672498841;6.2494123966998885
50;6191619.959890587;10;4;0.4734809211786115;0.2345569852621629;0.0507157883177004;0.2412463052415251;499999950.0;0.0001116373323328;8.460388448109369e-07;0.004584287599392212;9.485644725777263e-09;0.5509245478866229;9.739794919557697e-05;0.00010146014777937138;9.31587860998441e-05;0.7422570737819996;0.7742045560459679;0.7088712383476279;4.322642488599988
75;4727938.571569483;10;4;0.4734809211786115;0.2345569852621629;0.0507157883177004;0.2412463052415251;500000025.0;0.0001277543460616;1.4770225799004556e-06;0.02459635209419568;1.2669748093587123e-08;0.7423884155880446;0.00011256966593753693;0.00011735460045245959;0.00010757210201172464;0.861970646904166;0.9006824515475578;0.8214364940292427;3.3175569970998913
100;3823963.929344141;10;4;0.4734809211786115;0.2345569852621629;0.0507157883177004;0.2412463052415251;499999980.0;0.000142054404017;3.6832317265906855e-06;0.028709755333583303;1.55634624739666e-08;0.8972688358891956;0.00012480796717324725;0.00013015956408158884;0.00011921637982226897;0.947677733166982;0.9895792140701442;0.9038357986721565;2.691769775300054
