;J;K;R;q1;q2;q3;Cost;Epsilon;abs_cdf_emp_bias;abs_quantile_emp_bias;cdf_emp_var;quantile_emp_var;cdf_emp_rmse;cdf_emp_rmse_upper;cdf_emp_rmse_lower;quantile_emp_rmse;quantile_emp_rmse_upper;quantile_emp_rmse_lower;avg_time
0;22302293.39235259;10;3;0.4842531442470308;0.1526594492683445;0.3630874064846245;499999960.0;4.795429503664301e-05;1.2431494136065923e-06;0.009521528459328039;2.1025549115901775e-09;0.11975117482335915;4.5870473423049914e-05;4.7815746608535055e-05;4.383896714542697e-05;0.3461817937551901;0.36051231087115077;0.33123185590378335;11.401569752900162
25;6299848.586476361;38;2;0.5692901223279375;0.4307098776720626;0.0;500000054.0;5.8179543879739415e-05;1.3721958075085805e-05;0.10806914348697899;2.9501192715812695e-09;0.169594453068306;5.602152626442519e-05;5.851006663129561e-05;5.341717806841458e-05;0.4257621317617565;0.44490164216882955;0.40572073459475705;7.663529351999983
50;4705605.737505309;39;2;0.5575324015089985;0.4424675984910015;0.0;500000104.0;6.596418551852538e-05;1.4126343630591731e-05;0.11025631858465793;3.659024511169344e-09;0.21101218534316774;6.211745403297613e-05;6.467264026196293e-05;5.945255076634254e-05;0.4724072831053829;0.492131007932889;0.45182336514724136;5.933632044000086
75;3722395.160695499;41;2;0.5531204879596721;0.4468795120403279;0.0;500000035.0;7.283600734291789e-05;1.4955963958310226e-05;0.11479490087146757;4.573258619911878e-09;0.26337550159686074;6.925994136464565e-05;7.213127427713608e-05;6.626430582768428e-05;0.525883419460008;0.5482737486777741;0.5024964061928429;4.9387693035001865
100;3080703.6833333327;43;2;0.5511497097554698;0.4488502902445301;0.0;499999997.0;7.903728418955158e-05;1.4485482434842822e-05;0.1183559649970038;5.116787104465703e-09;0.2811270310160285;7.29836715014793e-05;7.599301780562575e-05;6.984478403191989e-05;0.5432634402077876;0.5655585575007092;0.5200133161473057;4.306297591000097
