;J;K;R;q1;q2;abs_cdf_emp_bias;abs_quantile_emp_bias;cdf_emp_var;quantile_emp_var;cdf_emp_rmse;cdf_emp_rmse_upper;cdf_emp_rmse_lower;quantile_emp_rmse;quantile_emp_rmse_upper;quantile_emp_rmse_lower;avg_time
0.005;289.2857142857147;9;1;1.0;0.0;0.0034689655172413917;18.51124858309349;2.454297265160533e-05;887.5758506638773;0.0060478669306967365;0.006612185559323632;0.0054251627581025025;35.074808264179545;38.302145440740475;31.518724659704734;0.014164137999992818
0.0025;1223.2804232804249;17;1;1.0;0.0;0.0018333333333333047;8.897607144100988;5.189980349438213e-06;195.66141971303958;0.002924224933302707;0.0031716828206947703;0.002653791816629199;16.57796225727989;17.956917027842334;15.07338037942316;0.013707447199849412
0.00125;4751.5151515151565;35;1;1.0;0.0;0.0006599326599326569;4.698287466376845;1.161179698216703e-06;57.11311575104106;0.001263602316341061;0.0013627583183173527;0.001155972055709761;8.89870894387241;9.662622718617817;8.062739232615705;0.01665576480003074
0.000625;85730.73080395217;10;2;0.513942856221444;0.486057143778556;0.0001994714921814018;1.7151086404442837;3.480600757653718e-07;20.903126979120973;0.0006227752017850799;0.0006674693814059164;0.0005746151136217156;4.883106043047562;5.2869746867231875;4.442673510088659;0.054945705199847
0.0003125;314557.8488840744;14;2;0.5349190491056299;0.46508095089437;0.00014202813239068223;0.95538241380717;9.095559961480514e-08;4.442524586988849;0.0003333580507580255;0.0003622893596537457;0.0003016647143635786;2.314147822331336;2.4933883255395455;2.1198054026879047;0.16866074600000866
0.00015625;1133890.6210422262;20;2;0.5570190523224186;0.4429809476775814;5.157386669066355e-05;0.3515930267652069;2.026889929735289e-08;1.1879762313051205;0.00015142246538337443;0.0001625961624607286;0.00013935571031932205;1.1452483956657786;1.2309737644770729;1.0525641865079887;0.7587733664000407
7.8125e-05;4046692.2800237658;29;2;0.5798027150321491;0.420197284967851;1.9815398416139106e-05;0.15422473520542077;5.2844623017597e-09;0.29567155176058213;7.534661449693694e-05;8.204107305282907e-05;6.799622757653852e-05;0.5652051138390065;0.615000469976924;0.5105762071891827;3.750426286400063
