;J;K;R;q1;q2;abs_theo_bias;theo_var;theo_rmse;cost
0.005;289.2857142857147;9;1;1.0;0.0;0.002777777777777778;1.724137931034485e-05;0.004995741055445218;2610.0
0.0025;1223.2804232804249;17;1;1.0;0.0;0.0014705882352941176;4.0849673202614425e-06;0.002499519369408229;20808.0
0.00125;4751.5151515151565;35;1;1.0;0.0;0.0007142857142857143;1.0521885521885534e-06;0.0012499570527906975;166320.0
0.000625;85730.73080395217;10;2;0.513942856221444;0.486057143778556;0.00025;3.2811924368007525e-07;0.0006249953949270949;1274030.0
0.0003125;314557.8488840744;14;2;0.5349190491056299;0.46508095089437;0.00012755102040816328;8.138693639441427e-08;0.0003124999187225141;6451942.0
0.00015625;1133890.6210422262;20;2;0.5570190523224186;0.4429809476775814;6.25e-05;2.050780702159585e-08;0.00015624998246910573;32723660.0
7.8125e-05;4046692.2800237658;29;2;0.5798027150321491;0.420197284967851;2.972651605231867e-05;5.21984749710382e-09;7.812498482375903e-05;166666016.0
