method,budget,threshold,n_trials,q_ref,q_first_one_sample,closest_value_above_threshold_one_sample,abs_diff_one_sample,rel_diff_one_sample,rmse_q_first,rmse_closest,valid_closest_trials
cummax,10000000,0.995,1000,252.75873881492225,251.58732350576508,251.4966292487798,0.09069425698527311,0.0003604881824786966,1.9264360036423427,1.936087116164465,1000
isotonic,10000000,0.995,1000,252.75873881492225,249.85653301275642,249.8565330127575,1.0800249583553523e-12,4.322580423783483e-15,1.930998904557821,1.9209315815336991,984
