;J;K;R;q1;q2;q3;q4;q5;q6;q7;abs_theo_bias;theo_var;theo_rmse;cost
0.005;300.00000000000034;10;1;1.0;0.0;0.0;0.0;0.0;0.0;0.0;0.0025;1.6611295681063144e-05;0.004781348730333644;3010.0
0.0025;3438.9912108056674;10;2;0.6789461756887735;0.3210538243112266;0.0;0.0;0.0;0.0;0.0;0.00125;4.164918552990404e-06;0.0023932025724936875;45450.0
0.00125;25851.12706818808;10;3;0.5701119493230514;0.2695892961323597;0.1602987545445888;0.0;0.0;0.0;0.0;0.000625;1.041598182118534e-06;0.0011967552724423377;452550.0
0.000625;162596.8096414304;10;4;0.5205008245727626;0.246129643659462;0.1463495617264582;0.087019970041317;0.0;0.0;0.0;0.0003125;2.6041164530627184e-07;0.0005983877466210951;3730560.0
0.0003125;930867.6786984828;10;5;0.4948938377018224;0.2340208471769389;0.1391496282608901;0.0827388639889171;0.0491968228714313;0.0;0.0;0.00015625;6.510400929391852e-08;0.00029919570818098064;27633750.0
0.00015625;5040855.701148708;10;6;0.4808283553195019;0.2273696912071081;0.1351948272597323;0.0803873252444187;0.0477985895683503;0.0284212114008885;0.0;7.8125e-05;1.6276014927001524e-08;0.00014959789621515914;191235350.0
7.8125e-05;26349771.612273797;10;7;0.4728377038576367;0.2235911454218441;0.1329480904936325;0.0790514075705267;0.0470042481669251;0.0279488931777305;0.016618511311704;3.90625e-05;4.0690097273448644e-09;7.479898818563567e-05;1263271740.0
