;J;K;R;q1;q2;abs_cdf_emp_bias;abs_quantile_emp_bias;cdf_emp_var;quantile_emp_var;cdf_emp_rmse;cdf_emp_rmse_upper;cdf_emp_rmse_lower;quantile_emp_rmse;quantile_emp_rmse_upper;quantile_emp_rmse_lower;avg_time
0.005;289.2857142857147;9;1;1.0;0.0;0.0034689655172413917;18.51124858309349;2.454297265160533e-05;887.5758506638773;0.0060478669306967365;0.006612185559323632;0.0054251627581025025;35.074808264179545;38.302145440740475;31.518724659704734;0.012470981200225651
0.0025;1223.2804232804249;17;1;1.0;0.0;0.0018333333333333047;8.897607144100988;5.189980349438213e-06;195.66141971303958;0.002924224933302707;0.0031716828206947703;0.002653791816629199;16.57796225727989;17.956917027842334;15.07338037942316;0.013438657199963927
0.00125;4751.5151515151565;35;1;1.0;0.0;0.0006599326599326569;4.698287466376845;1.161179698216703e-06;57.11311575104106;0.001263602316341061;0.0013627583183173527;0.001155972055709761;8.89870894387241;9.662622718617817;8.062739232615705;0.016503566400147975
0.000625;19278.962353685565;69;1;1.0;0.0;0.00034135587945432675;2.4489542815827523;3.1104033968848476e-07;16.703729734550258;0.0006538839163999384;0.0007135572556880351;0.0005881873809493055;4.764567851110187;5.160333254477037;4.332802132385454;0.03988800480007194
0.0003125;76560.26623326377;139;1;1.0;0.0;0.00015573203066835274;1.128151906220529;6.433309510699752e-08;3.3449715229222585;0.0002976332650815199;0.00032335887072084497;0.0002694627278350615;2.148883022975255;2.3388383796695984;1.9404204509969047;0.24712416199990547
0.00015625;307342.1971875065;277;1;1.0;0.0;8.947983197924803e-05;0.6673964480337978;1.5297285968764545e-08;0.851222206968134;0.0001526562357055846;0.00016461791159367363;0.00013967389083910942;1.1387011134693177;1.2276926754585522;1.0421377770035734;1.902628257600125
7.8125e-05;1982013.6965621545;292;2;0.8309640678546519;0.169035932145348;3.5884430547299836e-05;0.26477480978268214;3.534172406806233e-09;0.21360857353681983;6.943964834667742e-05;7.503566271866643e-05;6.335123396896837e-05;0.5326483581428515;0.5750402711759884;0.4865770580189704;15.08478788800002
